date,flight,error
2020-05-09,CI781.csv,Did not land.
2020-05-09,QH201.csv,Did not land.
2020-05-09,QH215.csv,Multiple flights detected.
2020-05-09,VJ125.csv,Did not land.
2020-05-09,VJ139.csv,Did not land at TSN.
2020-05-10,FX5194.csv,Did not land at TSN.
2020-05-12,VJ6137.csv,Multiple flights detected.
2020-05-13,RH319.csv,Did not land.
2020-05-14,VJ211.csv,Did not land.
2020-05-14,VN215.csv,Multiple flights detected.
2020-05-18,CZ5219.csv,Multiple flights detected.
2020-05-19,VJ145.csv,Did not land.
2020-05-19,VN1269.csv,Multiple flights detected.
2020-05-20,VN88.csv,Multiple flights detected.
2020-05-21,EY975.csv,Multiple flights detected.
2020-05-21,VN223.csv,Multiple flights detected.
2020-05-22,VJ121.csv,Multiple flights detected.
2020-05-22,VN772.csv,Multiple flights detected.
2020-05-24,FX5194.csv,Did not land at TSN.
2020-05-24,TK6470.csv,Did not land.
2020-05-25,VN217.csv,Multiple flights detected.
2020-05-25,VN223.csv,Multiple flights detected.
2020-05-26,VJ179.csv,Multiple flights detected.
2020-05-27,QH219.csv,Did not land.
2020-05-27,VJ625.csv,Did not land.
2020-05-27,VN8054.csv,Multiple flights detected.
2020-05-30,EY975.csv,Multiple flights detected.
2020-05-30,VJ387.csv,Multiple flights detected.
2020-05-30,VN223.csv,Multiple flights detected.
2020-05-31,FX5194.csv,Did not land at TSN.
2020-05-31,VN8058.csv,Multiple flights detected.
2020-06-02,VN237.csv,Did not land.
2020-06-03,BL765.csv,Did not land.
2020-06-03,BL769.csv,Did not land.
2020-06-03,CI783.csv,Did not land.
2020-06-03,VJ121.csv,Did not land.
2020-06-03,VJ139.csv,Did not land.
2020-06-03,VJ277.csv,Did not land.
2020-06-03,VJ863.csv,Did not land.
2020-06-03,VN213.csv,Did not land.
2020-06-03,VN257.csv,Did not land.
2020-06-03,VN259.csv,Did not land.
2020-06-04,BL769.csv,Did not land.
2020-06-04,CX2079.csv,Multiple flights detected.
2020-06-05,NH833.csv,Multiple flights detected.
2020-06-06,AI1344.csv,Did not land.
2020-06-06,BL765.csv,Did not land.
2020-06-06,CI783.csv,Did not land.
2020-06-06,VJ141.csv,Did not land at TSN.
2020-06-06,VJ211.csv,Did not land.
2020-06-06,VJ213.csv,Did not land.
2020-06-06,VJ336.csv,Did not land.
2020-06-06,VN1193.csv,Did not land.
2020-06-06,VN1265.csv,Did not land.
2020-06-06,VN1395.csv,Did not land.
2020-06-06,VN213.csv,Did not land.
2020-06-06,VN259.csv,Did not land.
2020-06-06,VN772.csv,Did not land.
2020-06-09,VJ159.csv,Did not land.
2020-06-10,VJ6137.csv,Multiple flights detected.
2020-06-10,VN275.csv,Multiple flights detected.
2020-06-11,QH1541.csv,Multiple flights detected.
2020-06-11,QH157.csv,Multiple flights detected.
2020-06-11,VN123.csv,Did not land.
2020-06-12,QH207.csv,Multiple flights detected.
2020-06-12,VN291.csv,Multiple flights detected.
2020-06-13,QH151.csv,Multiple flights detected.
2020-06-13,QH157.csv,Multiple flights detected.
2020-06-13,QR8968.csv,Multiple flights detected.
2020-06-13,VJ151.csv,Multiple flights detected.
2020-06-13,VJ159.csv,Multiple flights detected.
2020-06-14,BL679.csv,Multiple flights detected.
2020-06-14,BL769.csv,Did not land.
2020-06-14,CI783.csv,Did not land.
2020-06-14,FX49.csv,Did not land at TSN.
2020-06-14,FX5194.csv,Did not land.
2020-06-14,QH1522.csv,Did not land.
2020-06-14,QH1971.csv,Did not land.
2020-06-14,VJ121.csv,Did not land.
2020-06-14,VJ137.csv,Multiple flights detected.
2020-06-14,VJ213.csv,Did not land.
2020-06-14,VJ217.csv,Did not land.
2020-06-14,VJ243.csv,Did not land.
2020-06-14,VJ263.csv,Did not land.
2020-06-14,VJ277.csv,Did not land.
2020-06-14,VJ324.csv,Did not land.
2020-06-14,VN121.csv,Did not land.
2020-06-14,VN123.csv,Multiple flights detected.
2020-06-14,VN1261.csv,Multiple flights detected.
2020-06-14,VN1271.csv,Did not land.
2020-06-14,VN211.csv,Did not land.
2020-06-14,VN257.csv,Did not land.
2020-06-14,VN301.csv,Did not land.
2020-06-14,VN409.csv,Did not land.
2020-06-14,VN7257.csv,Multiple flights detected.
2020-06-14,VN7343.csv,Multiple flights detected.
2020-06-14,VN7389.csv,Did not land.
2020-06-14,VN7824.csv,Multiple flights detected.
2020-06-14,VN8062.csv,Multiple flights detected.
2020-06-15,BL355.csv,Multiple flights detected.
2020-06-15,BL757.csv,Multiple flights detected.
2020-06-15,BL783.csv,Multiple flights detected.
2020-06-15,QH1501.csv,Multiple flights detected.
2020-06-15,QH1541.csv,Multiple flights detected.
2020-06-15,QH157.csv,Multiple flights detected.
2020-06-15,QH205.csv,Multiple flights detected.
2020-06-15,VJ177.csv,Multiple flights detected.
2020-06-15,VJ225.csv,Multiple flights detected.
2020-06-15,VJ245.csv,Multiple flights detected.
2020-06-15,VJ249.csv,Multiple flights detected.
2020-06-15,VJ261.csv,Multiple flights detected.
2020-06-15,VJ281.csv,Multiple flights detected.
2020-06-15,VJ287.csv,Multiple flights detected.
2020-06-15,VJ305.csv,Multiple flights detected.
2020-06-15,VJ307.csv,Multiple flights detected.
2020-06-15,VJ328.csv,Multiple flights detected.
2020-06-15,VJ334.csv,Multiple flights detected.
2020-06-15,VJ357.csv,Multiple flights detected.
2020-06-15,VJ363.csv,Multiple flights detected.
2020-06-15,VJ365.csv,Multiple flights detected.
2020-06-15,VJ375.csv,Multiple flights detected.
2020-06-15,VJ397.csv,Multiple flights detected.
2020-06-15,VJ621.csv,Did not land at TSN.
2020-06-15,VJ643.csv,Multiple flights detected.
2020-06-15,VJ691.csv,Multiple flights detected.
2020-06-15,VJ697.csv,Multiple flights detected.
2020-06-15,VN1189.csv,Multiple flights detected.
2020-06-15,VN1195.csv,Multiple flights detected.
2020-06-15,VN1269.csv,Multiple flights detected.
2020-06-15,VN1279.csv,Multiple flights detected.
2020-06-15,VN1347.csv,Multiple flights detected.
2020-06-15,VN1357.csv,Multiple flights detected.
2020-06-15,VN1375.csv,Multiple flights detected.
2020-06-15,VN1379.csv,Multiple flights detected.
2020-06-15,VN1397.csv,Multiple flights detected.
2020-06-15,VN1403.csv,Multiple flights detected.
2020-06-15,VN141.csv,Multiple flights detected.
2020-06-15,VN143.csv,Multiple flights detected.
2020-06-15,VN147.csv,Multiple flights detected.
2020-06-15,VN219.csv,Multiple flights detected.
2020-06-15,VN221.csv,Multiple flights detected.
2020-06-15,VN269.csv,Multiple flights detected.
2020-06-15,VN281.csv,Multiple flights detected.
2020-06-15,VN283.csv,Multiple flights detected.
2020-06-15,VN291.csv,Multiple flights detected.
2020-06-15,VN7261.csv,Multiple flights detected.
2020-06-15,VN7383.csv,Multiple flights detected.
2020-06-16,K4620.csv,Did not land.
2020-06-16,NH833.csv,Multiple flights detected.
2020-06-16,VJ271.csv,Did not land.
2020-06-16,VN1822.csv,Multiple flights detected.
2020-06-17,BR395.csv,Did not land.
2020-06-18,VJ123.csv,Multiple flights detected.
2020-06-18,VJ151.csv,Did not land.
2020-06-19,NH833.csv,Multiple flights detected.
2020-06-19,VJ139.csv,Multiple flights detected.
2020-06-21,AF258.csv,Did not land at TSN.
2020-06-21,FX5194.csv,Did not land.
2020-06-21,QH1321.csv,Did not land.
2020-06-21,VJ217.csv,Multiple flights detected.
2020-06-21,VJ6131.csv,Did not land.
2020-06-21,VN1830.csv,Multiple flights detected.
2020-06-24,CA609.csv,Did not land at TSN.
2020-06-24,EY975.csv,Multiple flights detected.
2020-06-24,VJ159.csv,Multiple flights detected.
2020-06-24,VJ261.csv,Multiple flights detected.
2020-06-24,VJ281.csv,Did not land.
2020-06-24,VJ691.csv,Multiple flights detected.
2020-06-25,VJ641.csv,Multiple flights detected.
2020-06-26,VJ249.csv,Did not land at TSN.
2020-06-27,QH151.csv,Multiple flights detected.
2020-06-27,VN217.csv,Did not land.
2020-06-27,VN650.csv,Multiple flights detected.
2020-06-28,FX5194.csv,Did not land.
2020-06-30,VJ159.csv,Multiple flights detected.
2020-07-01,VJ6131.csv,Did not land.
2020-07-02,KE683.csv,Did not land.
2020-07-02,NH833.csv,Multiple flights detected.
2020-07-02,VJ151.csv,Multiple flights detected.
2020-07-03,VN283.csv,Multiple flights detected.
2020-07-03,VN301.csv,Did not land.
2020-07-05,CX767.csv,Multiple flights detected.
2020-07-05,FX5194.csv,Did not land.
2020-07-05,VJ151.csv,Multiple flights detected.
2020-07-05,VJ641.csv,Multiple flights detected.
2020-07-05,VN672.csv,Multiple flights detected.
2020-07-07,NH833.csv,Multiple flights detected.
2020-07-07,VJ159.csv,Multiple flights detected.
2020-07-08,KE8389.csv,Did not land at TSN.
2020-07-09,CI783.csv,Did not land.
2020-07-09,CX799.csv,Did not land.
2020-07-09,OZ395.csv,Did not land.
2020-07-09,QH1545.csv,Did not land.
2020-07-09,VJ143.csv,Did not land.
2020-07-09,VJ165.csv,Did not land.
2020-07-09,VJ221.csv,Did not land.
2020-07-09,VJ249.csv,Did not land.
2020-07-09,VJ271.csv,Did not land.
2020-07-09,VJ311.csv,Did not land.
2020-07-09,VN215.csv,Did not land.
2020-07-10,CV8575.csv,Did not land.
2020-07-11,BL757.csv,Multiple flights detected.
2020-07-11,BL787.csv,Multiple flights detected.
2020-07-11,VJ151.csv,Multiple flights detected.
2020-07-11,VJ6213.csv,Multiple flights detected.
2020-07-11,VN7119.csv,Multiple flights detected.
2020-07-12,FX5194.csv,Did not land.
2020-07-12,VN8704.csv,Multiple flights detected.
2020-07-13,FX5775.csv,Did not land at TSN.
2020-07-13,QH151.csv,Multiple flights detected.
2020-07-13,VJ159.csv,Multiple flights detected.
2020-07-13,VJ173.csv,Multiple flights detected.
2020-07-13,VJ283.csv,Did not land.
2020-07-14,FX6002.csv,Did not land at TSN.
2020-07-14,NH833.csv,Multiple flights detected.
2020-07-14,VJ283.csv,Multiple flights detected.
2020-07-14,VJ319.csv,Multiple flights detected.
2020-07-15,RPC6188.csv,Did not land at TSN.
2020-07-15,VJ661.csv,Multiple flights detected.
2020-07-16,BL555.csv,Multiple flights detected.
2020-07-16,BL757.csv,Multiple flights detected.
2020-07-16,BL769.csv,Did not land.
2020-07-16,CX799.csv,Did not land.
2020-07-16,EY975.csv,Multiple flights detected.
2020-07-16,MU7053.csv,Multiple flights detected.
2020-07-16,QH213.csv,Did not land.
2020-07-16,VJ159.csv,Multiple flights detected.
2020-07-16,VJ165.csv,Did not land.
2020-07-16,VJ173.csv,Multiple flights detected.
2020-07-16,VJ215.csv,Multiple flights detected.
2020-07-16,VJ249.csv,Did not land.
2020-07-16,VJ319.csv,Multiple flights detected.
2020-07-16,VJ385.csv,Did not land.
2020-07-16,VJ637.csv,Did not land.
2020-07-16,VN1183.csv,Did not land.
2020-07-16,VN215.csv,Did not land.
2020-07-16,VN263.csv,Did not land.
2020-07-17,CV7324.csv,Did not land.
2020-07-17,CV8575.csv,Did not land.
2020-07-17,VN233.csv,Did not land.
2020-07-18,VJ159.csv,Multiple flights detected.
2020-07-18,VJ215.csv,Multiple flights detected.
2020-07-18,VJ283.csv,Multiple flights detected.
2020-07-18,VJ375.csv,Multiple flights detected.
2020-07-18,VJ6213.csv,Multiple flights detected.
2020-07-18,VJ661.csv,Multiple flights detected.
2020-07-18,VN141.csv,Multiple flights detected.
2020-07-18,VN145.csv,Multiple flights detected.
2020-07-18,VN291.csv,Multiple flights detected.
2020-07-19,FX5194.csv,Did not land.
2020-07-19,VJ143.csv,Did not land at TSN.
2020-07-19,VJ6131.csv,Did not land.
2020-07-19,VJ641.csv,Multiple flights detected.
2020-07-19,VN1866.csv,Multiple flights detected.
2020-07-20,BL757.csv,Multiple flights detected.
2020-07-20,VJ243.csv,Multiple flights detected.
2020-07-20,VJ319.csv,Multiple flights detected.
2020-07-20,VN1349.csv,Did not land.
2020-07-20,VN147.csv,Multiple flights detected.
2020-07-20,VN281.csv,Multiple flights detected.
2020-07-20,VN7131.csv,Multiple flights detected.
2020-07-21,BL789.csv,Multiple flights detected.
2020-07-21,VJ143.csv,Multiple flights detected.
2020-07-21,VJ159.csv,Multiple flights detected.
2020-07-21,VN221.csv,Multiple flights detected.
2020-07-22,VJ215.csv,Multiple flights detected.
2020-07-22,VJ6213.csv,Multiple flights detected.
2020-07-22,VJ641.csv,Multiple flights detected.
2020-07-22,VN8056.csv,Did not land at TSN.
2020-07-22,YG9056.csv,Multiple flights detected.
2020-07-23,MU7053.csv,Multiple flights detected.
2020-07-23,VN1267.csv,Did not land.
2020-07-23,VN8078.csv,Did not land at TSN.
2020-07-24,BL555.csv,Multiple flights detected.
2020-07-24,QH273.csv,Multiple flights detected.
2020-07-24,RH319.csv,Multiple flights detected.
2020-07-24,VJ159.csv,Multiple flights detected.
2020-07-24,VJ173.csv,Multiple flights detected.
2020-07-24,VJ215.csv,Multiple flights detected.
2020-07-24,VJ357.csv,Multiple flights detected.
2020-07-24,VN7213.csv,Multiple flights detected.
2020-07-25,BL783.csv,Multiple flights detected.
2020-07-25,VJ319.csv,Multiple flights detected.
2020-07-25,VJ641.csv,Multiple flights detected.
2020-07-25,VJ661.csv,Multiple flights detected.
2020-07-26,VN7283.csv,Did not land at TSN.
2020-07-27,VN277.csv,Multiple flights detected.
2020-07-27,VN7133.csv,Multiple flights detected.
2020-07-28,BL787.csv,Multiple flights detected.
2020-07-28,VJ159.csv,Multiple flights detected.
2020-07-28,VJ263.csv,Multiple flights detected.
2020-07-28,VN7343.csv,Multiple flights detected.
2020-07-29,FX9002.csv,Did not land.
2020-07-29,LD562.csv,Did not land at TSN.
2020-07-29,VJ215.csv,Multiple flights detected.
2020-07-29,VJ223.csv,Multiple flights detected.
2020-07-29,VJ251.csv,Did not land.
2020-07-29,VJ687.csv,Did not land.
2020-07-29,VN215.csv,Did not land.
2020-07-29,VN8062.csv,Multiple flights detected.
2020-07-30,VJ127.csv,Did not land.
2020-07-30,VJ303.csv,Did not land at TSN.
2020-07-30,VJ319.csv,Multiple flights detected.
2020-07-30,VN1832.csv,Did not land.
2020-07-31,VJ167.csv,Did not land at TSN.
2020-08-01,BL787.csv,Multiple flights detected.
2020-08-01,VJ6213.csv,Multiple flights detected.
2020-08-02,TK6470.csv,Multiple flights detected.
2020-08-02,VJ151.csv,Multiple flights detected.
2020-08-02,VN409.csv,Multiple flights detected.
2020-08-02,VN604.csv,Did not land.
2020-08-03,BL775.csv,Multiple flights detected.
2020-08-03,QH1545.csv,Multiple flights detected.
2020-08-03,VJ159.csv,Multiple flights detected.
2020-08-03,VJ283.csv,Multiple flights detected.
2020-08-03,VJ326.csv,Did not land.
2020-08-04,BL312.csv,Multiple flights detected.
2020-08-04,NH833.csv,Multiple flights detected.
2020-08-04,VN1393.csv,Did not land.
2020-08-05,CZ489.csv,Did not land.
2020-08-05,QH201.csv,Did not land.
2020-08-05,VN283.csv,Did not land.
2020-08-06,2Y8816.csv,Did not land.
2020-08-06,VJ307.csv,Did not land.
2020-08-07,BL545.csv,Did not land.
2020-08-07,CZ489.csv,Did not land.
2020-08-07,QH211.csv,Did not land.
2020-08-07,VJ231.csv,Did not land.
2020-08-07,VJ303.csv,Did not land.
2020-08-07,VN1393.csv,Did not land.
2020-08-07,VN1661.csv,Did not land.
2020-08-07,VN650.csv,Multiple flights detected.
2020-08-09,BL793.csv,Multiple flights detected.
2020-08-09,FX5194.csv,Did not land.
2020-08-09,VJ159.csv,Multiple flights detected.
2020-08-10,BL791.csv,Did not land.
2020-08-10,VJ173.csv,Did not land.
2020-08-11,VN217.csv,Did not land.
2020-08-11,VN7401.csv,Did not land.
2020-08-12,CX767.csv,Multiple flights detected.
2020-08-12,VJ7346.csv,Did not land at TSN.
2020-08-13,VJ167.csv,Did not land.
2020-08-14,VJ6213.csv,Multiple flights detected.
2020-08-15,EY975.csv,Multiple flights detected.
2020-08-15,VN1822.csv,Multiple flights detected.
2020-08-16,FX5194.csv,Did not land.
2020-08-19,EY975.csv,Multiple flights detected.
2020-08-19,VN1189.csv,Did not land.
2020-08-19,VN571.csv,Did not land.
2020-08-22,VJ6213.csv,Multiple flights detected.
2020-08-23,FX5194.csv,Did not land.
2020-08-27,EY975.csv,Multiple flights detected.
2020-08-27,VJ6137.csv,Multiple flights detected.
2020-08-28,CX799.csv,Did not land.
2020-08-28,EK393.csv,Did not land.
2020-08-28,NH891.csv,Did not land.
2020-08-28,VJ167.csv,Did not land.
2020-08-28,VJ379.csv,Did not land.
2020-08-28,VN1279.csv,Did not land.
2020-08-28,VN269.csv,Did not land.
2020-08-30,BL571.csv,Did not land.
2020-08-30,BL773.csv,Did not land.
2020-08-30,CX799.csv,Did not land.
2020-08-30,FX5194.csv,Did not land.
2020-08-30,VJ167.csv,Did not land.
2020-08-30,VN1267.csv,Did not land.
2020-08-30,VN215.csv,Did not land.
2020-09-03,EY975.csv,Multiple flights detected.
2020-09-05,TK6470.csv,Multiple flights detected.
2020-09-06,FX5194.csv,Did not land.
2020-09-06,VJ141.csv,Did not land.
2020-09-06,VJ379.csv,Did not land.
2020-09-07,QR970.csv,Multiple flights detected.
2020-09-08,QH1155.csv,Did not land.
2020-09-08,VJ153.csv,Did not land.
2020-09-08,VN1263.csv,Did not land.
2020-09-08,VN283.csv,Multiple flights detected.
2020-09-09,CI783.csv,Did not land.
2020-09-09,CX799.csv,Did not land.
2020-09-09,VJ165.csv,Did not land.
2020-09-09,VN1826.csv,Did not land.
2020-09-09,VN215.csv,Did not land.
2020-09-09,VN6007.csv,Did not land.
2020-09-10,VJ6137.csv,Multiple flights detected.
2020-09-11,VJ159.csv,Multiple flights detected.
2020-09-12,CI6877.csv,Multiple flights detected.
2020-09-13,FX5194.csv,Did not land.
2020-09-13,KE8351.csv,Did not land.
2020-09-13,OZ3951.csv,Did not land.
2020-09-13,TK6470.csv,Multiple flights detected.
2020-09-13,VN1279.csv,Did not land.
2020-09-14,VJ189.csv,Did not land.
2020-09-14,VJ307.csv,Did not land.
2020-09-14,VJ326.csv,Did not land.
2020-09-14,VJ379.csv,Did not land.
2020-09-14,VJ645.csv,Did not land.
2020-09-14,VN1267.csv,Did not land at TSN.
2020-09-14,VN1349.csv,Multiple flights detected.
2020-09-14,VN1401.csv,Did not land.
2020-09-14,VN1427.csv,Did not land.
2020-09-14,VN6514.csv,Did not land.
2020-09-14,VN7397.csv,Did not land.
2020-09-16,KE8351.csv,Did not land.
2020-09-16,NH833.csv,Multiple flights detected.
2020-09-16,QR970.csv,Multiple flights detected.
2020-09-16,VJ6137.csv,Multiple flights detected.
2020-09-18,VJ245.csv,Multiple flights detected.
2020-09-19,QH207.csv,Multiple flights detected.
2020-09-19,QR970.csv,Multiple flights detected.
2020-09-19,TK6470.csv,Multiple flights detected.
2020-09-20,5X146.csv,Did not land.
2020-09-20,FX5194.csv,Did not land.
2020-09-20,KE8351.csv,Did not land.
2020-09-20,VJ127.csv,Multiple flights detected.
2020-09-21,VN571.csv,Multiple flights detected.
2020-09-22,NH833.csv,Multiple flights detected.
2020-09-22,VJ281.csv,Multiple flights detected.
2020-09-22,VN209.csv,Did not land.
2020-09-23,QH207.csv,Multiple flights detected.
2020-09-23,QR970.csv,Multiple flights detected.
2020-09-23,VJ6137.csv,Multiple flights detected.
2020-09-23,VN7211.csv,Multiple flights detected.
2020-09-24,2Y8816.csv,Did not land.
2020-09-24,KE683.csv,Did not land.
2020-09-24,OZ735.csv,Did not land.
2020-09-24,QH1545.csv,Did not land.
2020-09-24,QH205.csv,Did not land.
2020-09-24,VJ271.csv,Multiple flights detected.
2020-09-24,VJ281.csv,Did not land.
2020-09-24,VN283.csv,Did not land.
2020-09-26,TK6470.csv,Multiple flights detected.
2020-09-27,5X146.csv,Did not land.
2020-09-27,CA609.csv,Did not land.
2020-09-27,EY975.csv,Did not land.
2020-09-27,FX5194.csv,Did not land.
2020-09-27,KE8351.csv,Did not land.
2020-09-27,QH207.csv,Did not land.
2020-09-27,QR970.csv,Did not land.
2020-09-27,VJ151.csv,Did not land.
2020-09-27,VJ215.csv,Did not land.
2020-09-27,VN7211.csv,Did not land.
2020-09-27,VN7229.csv,Did not land.
2020-09-28,NH833.csv,Did not land.
2020-09-28,QH1175.csv,Did not land.
2020-09-28,VJ133.csv,Did not land.
2020-09-28,VJ159.csv,Multiple flights detected.
2020-09-28,VJ197.csv,Did not land.
2020-09-28,VJ247.csv,Did not land.
2020-09-28,VJ271.csv,Did not land.
2020-09-28,VN1395.csv,Did not land.
2020-09-28,VN1822.csv,Did not land.
2020-09-28,VN1862.csv,Multiple flights detected.
2020-09-28,VN7379.csv,Did not land.
2020-09-28,ZH8011.csv,Did not land.
2020-09-29,VJ283.csv,Multiple flights detected.
2020-09-30,NH833.csv,Multiple flights detected.
2020-09-30,VJ143.csv,Multiple flights detected.
2020-10-01,QH207.csv,Multiple flights detected.
2020-10-01,QR970.csv,Multiple flights detected.
2020-10-01,VJ159.csv,Multiple flights detected.
2020-10-01,VN1279.csv,Did not land at TSN.
2020-10-02,TK6470.csv,Multiple flights detected.
2020-10-03,NH833.csv,Multiple flights detected.
2020-10-03,QH8283.csv,Did not land.
2020-10-03,TK6470.csv,Did not land.
2020-10-03,VJ141.csv,Did not land.
2020-10-03,VJ159.csv,Multiple flights detected.
2020-10-03,VJ215.csv,Multiple flights detected.
2020-10-03,VJ283.csv,Multiple flights detected.
2020-10-03,VN263.csv,Did not land.
2020-10-04,5X146.csv,Did not land at TSN.
2020-10-04,FX5194.csv,Did not land at TSN.
2020-10-04,QR970.csv,Multiple flights detected.
2020-10-05,BR395.csv,Multiple flights detected.
2020-10-05,CI781.csv,Multiple flights detected.
2020-10-05,KE8681.csv,Did not land.
2020-10-05,PR591.csv,Did not land.
2020-10-05,VN772.csv,Did not land.
2020-10-06,NH833.csv,Multiple flights detected.
2020-10-06,VJ159.csv,Multiple flights detected.
2020-10-07,VJ303.csv,Did not land.
2020-10-07,VN1373.csv,Did not land.
2020-10-07,VN8056.csv,Multiple flights detected.
2020-10-08,NH833.csv,Multiple flights detected.
2020-10-08,OZ395.csv,Did not land.
2020-10-08,VJ215.csv,Multiple flights detected.
2020-10-09,EY975.csv,Multiple flights detected.
2020-10-09,QR970.csv,Multiple flights detected.
2020-10-09,VJ151.csv,Multiple flights detected.
2020-10-09,VJ159.csv,Multiple flights detected.
2020-10-09,VN7211.csv,Multiple flights detected.
2020-10-09,VN7221.csv,Multiple flights detected.
2020-10-09,VN7229.csv,Multiple flights detected.
2020-10-11,5X146.csv,Did not land.
2020-10-11,FX5194.csv,Did not land at TSN.
2020-10-11,VN213.csv,Did not land.
2020-10-12,BL110.csv,Did not land at TSN.
2020-10-12,BL116.csv,Did not land at TSN.
2020-10-12,QR970.csv,Multiple flights detected.
2020-10-12,VJ215.csv,Multiple flights detected.
2020-10-12,VN7227.csv,Multiple flights detected.
2020-10-13,VJ159.csv,Multiple flights detected.
2020-10-13,VN405.csv,Multiple flights detected.
2020-10-13,VN409.csv,Multiple flights detected.
2020-10-14,CX799.csv,Did not land.
2020-10-14,VJ137.csv,Did not land.
2020-10-14,VJ139.csv,Did not land at TSN.
2020-10-14,VJ141.csv,Did not land.
2020-10-14,VJ165.csv,Did not land.
2020-10-14,VJ271.csv,Did not land.
2020-10-14,VJ283.csv,Multiple flights detected.
2020-10-14,VN1185.csv,Did not land.
2020-10-14,VN215.csv,Did not land.
2020-10-14,VN263.csv,Did not land.
2020-10-14,VN6007.csv,Did not land.
2020-10-14,VN6017.csv,Did not land.
2020-10-15,NH833.csv,Multiple flights detected.
2020-10-16,VJ131.csv,Multiple flights detected.
2020-10-16,VJ159.csv,Multiple flights detected.
2020-10-16,VJ283.csv,Multiple flights detected.
2020-10-16,VJ301.csv,Multiple flights detected.
2020-10-16,VJ397.csv,Multiple flights detected.
2020-10-16,VN7387.csv,Did not land.
2020-10-17,VN1826.csv,Did not land.
2020-10-17,VN604.csv,Multiple flights detected.
2020-10-17,VN6251.csv,Did not land at TSN.
2020-10-18,5X146.csv,Did not land.
2020-10-18,FX5194.csv,Did not land at TSN.
2020-10-18,VN6514.csv,Multiple flights detected.
2020-10-18,VN8058.csv,Multiple flights detected.
2020-10-19,EY975.csv,Multiple flights detected.
2020-10-19,VJ283.csv,Multiple flights detected.
2020-10-19,VN1822.csv,Multiple flights detected.
2020-10-19,VN1866.csv,Multiple flights detected.
2020-10-19,VN5571.csv,Did not land.
2020-10-19,VN571.csv,Did not land.
2020-10-19,VN7227.csv,Multiple flights detected.
2020-10-20,QR970.csv,Multiple flights detected.
2020-10-20,VJ301.csv,Multiple flights detected.
2020-10-20,VN7229.csv,Multiple flights detected.
2020-10-21,VN1265.csv,Did not land.
2020-10-21,VN405.csv,Did not land at TSN.
2020-10-21,VN409.csv,Did not land at TSN.
2020-10-22,QR970.csv,Multiple flights detected.
2020-10-24,QH8283.csv,Did not land.
2020-10-24,VJ159.csv,Multiple flights detected.
2020-10-24,VJ173.csv,Multiple flights detected.
2020-10-24,VN7223.csv,Multiple flights detected.
2020-10-25,5X146.csv,Did not land.
2020-10-25,FX5194.csv,Did not land at TSN.
2020-10-25,VJ145.csv,Multiple flights detected.
2020-10-26,VJ315.csv,Multiple flights detected.
2020-10-27,NH833.csv,Multiple flights detected.
2020-10-28,EY975.csv,Multiple flights detected.
2020-10-28,VJ133.csv,Multiple flights detected.
2020-10-28,VJ181.csv,Multiple flights detected.
2020-10-28,VN6023.csv,Multiple flights detected.
2020-10-29,VJ363.csv,Did not land at TSN.
2020-10-29,VN133.csv,Multiple flights detected.
2020-10-29,VN141.csv,Multiple flights detected.
2020-10-29,VN1415.csv,Multiple flights detected.
2020-10-30,CI6877.csv,Multiple flights detected.
2020-10-31,CI783.csv,Multiple flights detected.
2020-10-31,FX5194.csv,Did not land.
2020-10-31,NH833.csv,Multiple flights detected.
2020-10-31,OZ395.csv,Multiple flights detected.
2020-10-31,VJ133.csv,Multiple flights detected.
2020-10-31,VJ189.csv,Multiple flights detected.
2020-10-31,VJ221.csv,Multiple flights detected.
2020-10-31,VJ271.csv,Did not land.
2020-10-31,VJ326.csv,Did not land at TSN.
2020-10-31,VN6015.csv,Multiple flights detected.
2020-10-31,VN6433.csv,Did not land at TSN.
2020-11-01,5X146.csv,Did not land.
2020-11-01,CA609.csv,Multiple flights detected.
2020-11-01,EY975.csv,Multiple flights detected.
2020-11-01,QR970.csv,Multiple flights detected.
2020-11-01,VJ247.csv,Multiple flights detected.
2020-11-01,VJ281.csv,Did not land.
2020-11-01,VJ313.csv,Multiple flights detected.
2020-11-01,VJ383.csv,Multiple flights detected.
2020-11-01,VN221.csv,Multiple flights detected.
2020-11-01,VN253.csv,Multiple flights detected.
2020-11-01,VN6435.csv,Multiple flights detected.
2020-11-02,VJ133.csv,Multiple flights detected.
2020-11-02,VJ147.csv,Multiple flights detected.
2020-11-02,VJ215.csv,Multiple flights detected.
2020-11-02,YG9046.csv,Did not land at TSN.
2020-11-03,EY975.csv,Multiple flights detected.
2020-11-03,LD561.csv,Did not land.
2020-11-03,MF8685.csv,Multiple flights detected.
2020-11-03,VJ159.csv,Multiple flights detected.
2020-11-03,VJ179.csv,Multiple flights detected.
2020-11-03,VJ181.csv,Multiple flights detected.
2020-11-03,VJ315.csv,Multiple flights detected.
2020-11-03,VJ6131.csv,Did not land.
2020-11-03,VN674.csv,Did not land at TSN.
2020-11-05,MU7053.csv,Multiple flights detected.
2020-11-05,NH833.csv,Multiple flights detected.
2020-11-05,VJ159.csv,Multiple flights detected.
2020-11-05,VJ215.csv,Multiple flights detected.
2020-11-05,VJ313.csv,Multiple flights detected.
2020-11-06,ZH8011.csv,Multiple flights detected.
2020-11-07,CI6877.csv,Multiple flights detected.
2020-11-07,VJ315.csv,Multiple flights detected.
2020-11-07,VN5032.csv,Did not land at TSN.
2020-11-07,YG9046.csv,Did not land.
2020-11-08,5X146.csv,Did not land.
2020-11-08,FX5194.csv,Did not land at TSN.
2020-11-08,TK6470.csv,Did not land.
2020-11-09,QH283.csv,Multiple flights detected.
2020-11-09,VJ315.csv,Multiple flights detected.
2020-11-09,YG9046.csv,Did not land at TSN.
2020-11-10,5X146.csv,Did not land.
2020-11-10,VN5780.csv,Did not land at TSN.
2020-11-11,QH171.csv,Multiple flights detected.
2020-11-11,VJ169.csv,Multiple flights detected.
2020-11-11,VN1415.csv,Multiple flights detected.
2020-11-11,VN1463.csv,Multiple flights detected.
2020-11-12,VJ313.csv,Multiple flights detected.
2020-11-12,VN1387.csv,Multiple flights detected.
2020-11-13,EY975.csv,Multiple flights detected.
2020-11-13,EY995.csv,Multiple flights detected.
2020-11-13,MU7053.csv,Multiple flights detected.
2020-11-13,NH833.csv,Multiple flights detected.
2020-11-13,VJ151.csv,Multiple flights detected.
2020-11-13,VN253.csv,Multiple flights detected.
2020-11-13,VZ3970.csv,Multiple flights detected.
2020-11-14,QH283.csv,Multiple flights detected.
2020-11-14,VN5731.csv,Multiple flights detected.
2020-11-15,5X146.csv,Did not land.
2020-11-15,FX5194.csv,Did not land.
2020-11-15,QH281.csv,Multiple flights detected.
2020-11-15,VJ133.csv,Multiple flights detected.
2020-11-15,YG9046.csv,Did not land.
2020-11-16,VJ191.csv,Multiple flights detected.
2020-11-16,VN1265.csv,Multiple flights detected.
2020-11-16,VN1267.csv,Multiple flights detected.
2020-11-16,VN1269.csv,Multiple flights detected.
2020-11-16,VN6055.csv,Did not land.
2020-11-17,NH833.csv,Multiple flights detected.
2020-11-17,TW1121.csv,Did not land.
2020-11-17,VJ215.csv,Multiple flights detected.
2020-11-18,EY975.csv,Multiple flights detected.
2020-11-19,6E8504.csv,Did not land.
2020-11-19,CI783.csv,Did not land.
2020-11-19,QH1547.csv,Did not land.
2020-11-19,VJ189.csv,Did not land.
2020-11-19,VJ279.csv,Did not land.
2020-11-19,VJ637.csv,Did not land.
2020-11-19,VN215.csv,Did not land.
2020-11-19,VN6015.csv,Did not land.
2020-11-19,VN772.csv,Did not land.
2020-11-20,5X146.csv,Did not land.
2020-11-20,EY995.csv,Multiple flights detected.
2020-11-20,VJ149.csv,Multiple flights detected.
2020-11-20,VJ247.csv,Multiple flights detected.
2020-11-20,VJ387.csv,Did not land.
2020-11-21,VJ155.csv,Multiple flights detected.
2020-11-21,VN261.csv,Multiple flights detected.
2020-11-22,3S620.csv,Did not land at TSN.
2020-11-22,5X146.csv,Did not land.
2020-11-22,FX5194.csv,Did not land at TSN.
2020-11-22,QH283.csv,Multiple flights detected.
2020-11-22,VJ159.csv,Multiple flights detected.
2020-11-22,VJ181.csv,Multiple flights detected.
2020-11-22,VJ225.csv,Multiple flights detected.
2020-11-22,YG9046.csv,Did not land.
2020-11-23,VJ149.csv,Multiple flights detected.
2020-11-23,VJ151.csv,Multiple flights detected.
2020-11-23,VJ247.csv,Multiple flights detected.
2020-11-23,YG9046.csv,Did not land.
2020-11-24,CZ8175.csv,Did not land at TSN.
2020-11-24,QH283.csv,Multiple flights detected.
2020-11-24,VJ159.csv,Multiple flights detected.
2020-11-24,VJ215.csv,Multiple flights detected.
2020-11-24,VN219.csv,Multiple flights detected.
2020-11-25,QR970.csv,Multiple flights detected.
2020-11-25,VN7293.csv,Multiple flights detected.
2020-11-26,CZ8175.csv,Multiple flights detected.
2020-11-26,NH833.csv,Multiple flights detected.
2020-11-26,VJ151.csv,Multiple flights detected.
2020-11-26,VJ181.csv,Multiple flights detected.
2020-11-26,ZH8011.csv,Multiple flights detected.
2020-11-27,VN261.csv,Multiple flights detected.
2020-11-28,OZ735.csv,Multiple flights detected.
2020-11-28,VJ159.csv,Multiple flights detected.
2020-11-28,VJ181.csv,Multiple flights detected.
2020-11-28,VJ247.csv,Multiple flights detected.
2020-11-29,5X146.csv,Did not land at TSN.
2020-11-29,FX5194.csv,Did not land at TSN.
2020-11-29,OZ395.csv,Did not land.
2020-11-29,VJ149.csv,Multiple flights detected.
2020-11-29,VJ151.csv,Multiple flights detected.
2020-11-29,VJ215.csv,Multiple flights detected.
2020-11-29,VN253.csv,Multiple flights detected.
2020-11-29,VN7215.csv,Did not land.
2020-11-29,YG9046.csv,Did not land.
2020-11-30,CA609.csv,Multiple flights detected.
2020-11-30,EY975.csv,Multiple flights detected.
2020-11-30,MU7053.csv,Multiple flights detected.
2020-11-30,QH1321.csv,Multiple flights detected.
2020-11-30,QH283.csv,Multiple flights detected.
2020-11-30,VJ159.csv,Multiple flights detected.
2020-11-30,VJ173.csv,Multiple flights detected.
2020-11-30,VJ313.csv,Multiple flights detected.
2020-11-30,VN261.csv,Multiple flights detected.
2020-11-30,VN6027.csv,Multiple flights detected.
2020-12-01,RH319.csv,Did not land.
2020-12-01,VN6007.csv,Did not land at TSN.
2020-12-02,5X146.csv,Did not land.
2020-12-02,EY975.csv,Multiple flights detected.
2020-12-02,LD561.csv,Did not land.
2020-12-02,NH833.csv,Multiple flights detected.
2020-12-02,QH283.csv,Multiple flights detected.
2020-12-02,VN253.csv,Multiple flights detected.
2020-12-02,VN6027.csv,Multiple flights detected.
2020-12-02,ZH8011.csv,Multiple flights detected.
2020-12-03,6E8504.csv,Did not land.
2020-12-03,FX5194.csv,Did not land.
2020-12-03,VJ159.csv,Multiple flights detected.
2020-12-03,VJ181.csv,Did not land.
2020-12-03,VJ215.csv,Multiple flights detected.
2020-12-03,VN1267.csv,Multiple flights detected.
2020-12-03,VN1269.csv,Multiple flights detected.
2020-12-04,2Y7713.csv,Did not land at TSN.
2020-12-04,EY995.csv,Multiple flights detected.
2020-12-04,MU7053.csv,Multiple flights detected.
2020-12-04,QH283.csv,Multiple flights detected.
2020-12-04,VJ151.csv,Multiple flights detected.
2020-12-04,VJ181.csv,Multiple flights detected.
2020-12-04,VJ273.csv,Did not land.
2020-12-04,VN5731.csv,Multiple flights detected.
2020-12-05,OZ395.csv,Did not land.
2020-12-05,TK6470.csv,Multiple flights detected.
2020-12-06,5X146.csv,Did not land.
2020-12-06,FX5194.csv,Did not land at TSN.
2020-12-06,VJ181.csv,Multiple flights detected.
2020-12-06,VN261.csv,Multiple flights detected.
2020-12-06,YG9046.csv,Did not land.
2020-12-07,BL110.csv,Did not land at TSN.
2020-12-07,BL116.csv,Did not land at TSN.
2020-12-07,MU7053.csv,Multiple flights detected.
2020-12-07,NH833.csv,Multiple flights detected.
2020-12-07,YG9046.csv,Did not land.
2020-12-08,BR395.csv,Multiple flights detected.
2020-12-08,CI781.csv,Multiple flights detected.
2020-12-08,KE9395.csv,Multiple flights detected.
2020-12-08,VJ131.csv,Multiple flights detected.
2020-12-08,VJ175.csv,Did not land.
2020-12-08,VJ6131.csv,Did not land.
2020-12-08,VN780.csv,Did not land.
2020-12-08,VN88.csv,Did not land.
2020-12-09,CZ8175.csv,Multiple flights detected.
2020-12-09,EY975.csv,Multiple flights detected.
2020-12-09,NH833.csv,Multiple flights detected.
2020-12-09,RU248.csv,Did not land at TSN.
2020-12-09,VN301.csv,Did not land.
2020-12-09,VN6027.csv,Multiple flights detected.
2020-12-10,KE681.csv,Did not land.
2020-12-10,QH203.csv,Multiple flights detected.
2020-12-10,QH207.csv,Did not land.
2020-12-10,VJ181.csv,Multiple flights detected.
2020-12-10,VJ275.csv,Did not land.
2020-12-10,VN1271.csv,Did not land.
2020-12-10,VN251.csv,Did not land.
2020-12-10,VN301.csv,Did not land.
2020-12-10,VN321.csv,Did not land.
2020-12-10,VN7217.csv,Did not land.
2020-12-10,ZH8011.csv,Multiple flights detected.
2020-12-11,EY995.csv,Multiple flights detected.
2020-12-11,MU7053.csv,Multiple flights detected.
2020-12-11,NH833.csv,Multiple flights detected.
2020-12-11,OZ7353.csv,Did not land.
2020-12-12,FX5194.csv,Did not land.
2020-12-12,VN6017.csv,Multiple flights detected.
2020-12-13,5X146.csv,Did not land.
2020-12-13,FX5194.csv,Did not land at TSN.
2020-12-13,QH1175.csv,Multiple flights detected.
2020-12-13,YG9046.csv,Did not land.
2020-12-14,VN6027.csv,Multiple flights detected.
2020-12-14,YG9046.csv,Did not land.
2020-12-15,CZ8175.csv,Multiple flights detected.
2020-12-15,NH833.csv,Multiple flights detected.
2020-12-15,VJ159.csv,Multiple flights detected.
2020-12-15,ZH8011.csv,Multiple flights detected.
2020-12-16,NH833.csv,Did not land.
2020-12-17,CZ8175.csv,Multiple flights detected.
2020-12-17,NH833.csv,Multiple flights detected.
2020-12-17,TK6470.csv,Did not land.
2020-12-17,ZH8011.csv,Multiple flights detected.
2020-12-19,NH833.csv,Multiple flights detected.
2020-12-19,SG702.csv,Did not land at TSN.
2020-12-20,5X146.csv,Did not land.
2020-12-20,FX5194.csv,Did not land at TSN.
2020-12-20,TK6470.csv,Multiple flights detected.
2020-12-20,VJ181.csv,Multiple flights detected.
2020-12-20,YG9046.csv,Did not land.
2020-12-21,MU7053.csv,Multiple flights detected.
2020-12-21,VJ173.csv,Multiple flights detected.
2020-12-21,YG9046.csv,Did not land.
2020-12-22,CZ8175.csv,Multiple flights detected.
2020-12-22,NH833.csv,Multiple flights detected.
2020-12-22,VHPFL.csv,Did not land at TSN.
2020-12-22,VJ215.csv,Multiple flights detected.
2020-12-22,VN50.csv,Did not land at TSN.
2020-12-22,VN7297.csv,Multiple flights detected.
2020-12-22,ZH8011.csv,Multiple flights detected.
2020-12-23,VHPFL.csv,Did not land.
2020-12-24,CZ8175.csv,Did not land at TSN.
2020-12-24,TK6470.csv,Did not land.
2020-12-24,VJ177.csv,Multiple flights detected.
2020-12-24,VN8054.csv,Multiple flights detected.
2020-12-24,ZH8011.csv,Multiple flights detected.
2020-12-25,MU7053.csv,Multiple flights detected.
2020-12-25,VJ313.csv,Multiple flights detected.
2020-12-26,CI6877.csv,Multiple flights detected.
2020-12-26,NH833.csv,Multiple flights detected.
2020-12-26,VJ627.csv,Did not land.
2020-12-26,VN7223.csv,Did not land.
2020-12-26,VPCVT.csv,Did not land at TSN.
2020-12-27,5X146.csv,Did not land.
2020-12-27,FX5194.csv,Did not land at TSN.
2020-12-27,KE351.csv,Did not land.
2020-12-27,YG9046.csv,Did not land.
2020-12-28,CZ8175.csv,Multiple flights detected.
2020-12-28,MU7053.csv,Multiple flights detected.
2020-12-28,NH833.csv,Multiple flights detected.
2020-12-28,QH281.csv,Multiple flights detected.
2020-12-28,QH283.csv,Multiple flights detected.
2020-12-28,VHPFL.csv,Did not land at TSN.
2020-12-28,VJ159.csv,Multiple flights detected.
2020-12-28,VN217.csv,Multiple flights detected.
2020-12-28,VPCTV.csv,Did not land at TSN.
2020-12-30,QH283.csv,Multiple flights detected.
2020-12-30,VJ159.csv,Multiple flights detected.
2020-12-30,VNA299.csv,Multiple flights detected.
2020-12-31,RL9934.csv,Did not land.
2021-01-01,EY995.csv,Multiple flights detected.
2021-01-01,MU7053.csv,Multiple flights detected.
2021-01-01,NH833.csv,Multiple flights detected.
2021-01-01,QH283.csv,Multiple flights detected.
2021-01-01,VJ151.csv,Multiple flights detected.
2021-01-01,VJ155.csv,Multiple flights detected.
2021-01-01,VJ159.csv,Multiple flights detected.
2021-01-01,VJ215.csv,Multiple flights detected.
2021-01-01,VJ313.csv,Multiple flights detected.
2021-01-01,VN253.csv,Multiple flights detected.
2021-01-03,5X146.csv,Did not land.
2021-01-03,BR391.csv,Did not land.
2021-01-03,FX5194.csv,Did not land at TSN.
2021-01-03,OZ395.csv,Did not land.
2021-01-04,CZ8175.csv,Multiple flights detected.
2021-01-04,MU7053.csv,Multiple flights detected.
2021-01-04,NH833.csv,Multiple flights detected.
2021-01-04,VHPFL.csv,Did not land at TSN.
2021-01-04,VJ151.csv,Multiple flights detected.
2021-01-04,VJ155.csv,Multiple flights detected.
2021-01-04,VJ159.csv,Multiple flights detected.
2021-01-04,VJ181.csv,Multiple flights detected.
2021-01-04,VJ215.csv,Multiple flights detected.
2021-01-04,VN253.csv,Multiple flights detected.
2021-01-04,VN261.csv,Multiple flights detected.
2021-01-04,VN6027.csv,Multiple flights detected.
2021-01-05,3S690.csv,Did not land at TSN.
2021-01-05,NH833.csv,Did not land.
2021-01-05,QH283.csv,Multiple flights detected.
2021-01-05,VHPFL.csv,Did not land at TSN.
2021-01-05,ZH8011.csv,Multiple flights detected.
2021-01-06,OZ735.csv,Did not land.
2021-01-06,VHPFL.csv,Did not land.
2021-01-07,NH833.csv,Multiple flights detected.
2021-01-07,OZ735.csv,Multiple flights detected.
2021-01-07,ZH8011.csv,Multiple flights detected.
2021-01-08,CX799.csv,Multiple flights detected.
2021-01-08,CZ8385.csv,Did not land at TSN.
2021-01-08,OZ7353.csv,Did not land.
2021-01-09,3K555.csv,Did not land.
2021-01-09,NH833.csv,Multiple flights detected.
2021-01-09,QH209.csv,Did not land.
2021-01-09,QH283.csv,Multiple flights detected.
2021-01-09,VJ175.csv,Did not land.
2021-01-09,VN780.csv,Did not land.
2021-01-10,5X146.csv,Did not land.
2021-01-10,FX5194.csv,Did not land at TSN.
2021-01-11,VN6027.csv,Multiple flights detected.
2021-01-12,CZ8175.csv,Did not land at TSN.
2021-01-12,VHPFL.csv,Did not land at TSN.
2021-01-13,CI783.csv,Did not land.
2021-01-13,KE351.csv,Did not land.
2021-01-13,TR302.csv,Did not land.
2021-01-13,VJ167.csv,Did not land.
2021-01-13,VJ189.csv,Did not land.
2021-01-13,VN215.csv,Did not land.
2021-01-14,BR395.csv,Multiple flights detected.
2021-01-14,CI781.csv,Multiple flights detected.
2021-01-14,CZ8175.csv,Did not land at TSN.
2021-01-14,CZ8385.csv,Did not land at TSN.
2021-01-14,MU7053.csv,Multiple flights detected.
2021-01-14,NH833.csv,Did not land.
2021-01-14,OZ395.csv,Multiple flights detected.
2021-01-14,PR591.csv,Did not land.
2021-01-14,QH209.csv,Did not land.
2021-01-14,VJ175.csv,Did not land.
2021-01-14,VN245.csv,Multiple flights detected.
2021-01-14,VN5731.csv,Multiple flights detected.
2021-01-14,ZH8011.csv,Multiple flights detected.
2021-01-15,NH833.csv,Did not land.
2021-01-16,BR395.csv,Multiple flights detected.
2021-01-16,CI781.csv,Multiple flights detected.
2021-01-16,CZ8175.csv,Did not land.
2021-01-16,FX5194.csv,Did not land at TSN.
2021-01-16,NH833.csv,Multiple flights detected.
2021-01-16,OZ395.csv,Did not land.
2021-01-16,PR591.csv,Did not land.
2021-01-16,VJ127.csv,Did not land.
2021-01-16,VJ159.csv,Multiple flights detected.
2021-01-16,VJ175.csv,Did not land.
2021-01-16,VN253.csv,Multiple flights detected.
2021-01-16,VN780.csv,Did not land.
2021-01-17,5X146.csv,Did not land.
2021-01-18,CZ8175.csv,Multiple flights detected.
2021-01-18,MU7053.csv,Multiple flights detected.
2021-01-18,VN6027.csv,Multiple flights detected.
2021-01-19,KE9395.csv,Multiple flights detected.
2021-01-19,NH833.csv,Multiple flights detected.
2021-01-19,VJ181.csv,Multiple flights detected.
2021-01-19,ZH8011.csv,Multiple flights detected.
2021-01-20,VN1383.csv,Did not land.
2021-01-21,NH833.csv,Multiple flights detected.
2021-01-21,ZF2074.csv,Did not land at TSN.
2021-01-21,ZH8011.csv,Multiple flights detected.
2021-01-22,CZ8175.csv,Did not land at TSN.
2021-01-22,QH285.csv,Multiple flights detected.
2021-01-22,VJ173.csv,Multiple flights detected.
2021-01-22,VJ181.csv,Multiple flights detected.
2021-01-22,VJ247.csv,Multiple flights detected.
2021-01-23,CI783.csv,Did not land.
2021-01-23,QH241.csv,Did not land.
2021-01-23,VJ139.csv,Did not land.
2021-01-23,VJ175.csv,Multiple flights detected.
2021-01-23,VN263.csv,Did not land.
2021-01-24,5X146.csv,Did not land.
2021-01-24,FX5194.csv,Did not land at TSN.
2021-01-24,MU7053.csv,Multiple flights detected.
2021-01-24,NH833.csv,Multiple flights detected.
2021-01-24,OZ395.csv,Did not land.
2021-01-24,QH283.csv,Multiple flights detected.
2021-01-24,VJ151.csv,Multiple flights detected.
2021-01-24,VJ173.csv,Multiple flights detected.
2021-01-24,VN261.csv,Multiple flights detected.
2021-01-25,BL110.csv,Did not land at TSN.
2021-01-25,BL116.csv,Did not land at TSN.
2021-01-25,VJ199.csv,Did not land.
2021-01-26,CZ8175.csv,Did not land at TSN.
2021-01-26,KE9395.csv,Multiple flights detected.
2021-01-27,CZ8175.csv,Did not land at TSN.
2021-01-27,KE351.csv,Did not land.
2021-01-27,MU7053.csv,Multiple flights detected.
2021-01-27,NH833.csv,Did not land.
2021-01-27,VJ159.csv,Multiple flights detected.
2021-01-27,VJ215.csv,Multiple flights detected.
2021-01-27,VN772.csv,Did not land at TSN.
2021-01-28,CZ8175.csv,Did not land at TSN.
2021-01-28,VN30.csv,Did not land.
2021-01-29,MU7053.csv,Multiple flights detected.
2021-01-29,NH833.csv,Did not land.
2021-01-29,VJ155.csv,Multiple flights detected.
2021-01-29,VJ159.csv,Multiple flights detected.
2021-01-29,VJ181.csv,Multiple flights detected.
2021-01-29,VN253.csv,Multiple flights detected.
2021-01-29,ZH8011.csv,Multiple flights detected.
2021-01-30,NH833.csv,Multiple flights detected.
2021-01-30,OZ3951.csv,Did not land.
2021-01-30,QH283.csv,Multiple flights detected.
2021-01-30,TK6470.csv,Did not land.
2021-01-30,VJ215.csv,Multiple flights detected.
2021-01-30,VJ251.csv,Multiple flights detected.
2021-01-30,VJ313.csv,Multiple flights detected.
2021-01-30,VJ315.csv,Multiple flights detected.
2021-01-31,5X146.csv,Did not land at TSN.
2021-01-31,CI6651.csv,Did not land.
2021-01-31,FX5194.csv,Did not land at TSN.
2021-01-31,VJ173.csv,Multiple flights detected.
2021-01-31,VJ641.csv,Multiple flights detected.
2021-02-01,NH833.csv,Did not land.
2021-02-01,VJ215.csv,Multiple flights detected.
2021-02-01,VJ223.csv,Multiple flights detected.
2021-02-01,VJ315.csv,Multiple flights detected.
2021-02-01,VN6027.csv,Multiple flights detected.
2021-02-02,CZ8175.csv,Multiple flights detected.
2021-02-02,KE683.csv,Did not land.
2021-02-02,VJ159.csv,Multiple flights detected.
2021-02-02,ZH8011.csv,Multiple flights detected.
2021-02-03,CZ8175.csv,Did not land at TSN.
2021-02-03,VJ317.csv,Multiple flights detected.
2021-02-04,NH833.csv,Did not land.
2021-02-04,VJ143.csv,Multiple flights detected.
2021-02-04,VN253.csv,Multiple flights detected.
2021-02-05,CZ8175.csv,Multiple flights detected.
2021-02-05,NH833.csv,Multiple flights detected.
2021-02-05,OZ7353.csv,Did not land.
2021-02-05,VJ317.csv,Multiple flights detected.
2021-02-05,VJ625.csv,Multiple flights detected.
2021-02-05,VPCVT.csv,Did not land.
2021-02-05,ZH8011.csv,Multiple flights detected.
2021-02-06,CZ8175.csv,Multiple flights detected.
2021-02-06,QH297.csv,Multiple flights detected.
2021-02-06,VJ365.csv,Did not land.
2021-02-07,5X146.csv,Did not land.
2021-02-07,CA609.csv,Multiple flights detected.
2021-02-07,CZ8175.csv,Did not land at TSN.
2021-02-07,EY975.csv,Multiple flights detected.
2021-02-07,FX5194.csv,Did not land at TSN.
2021-02-07,OZ395.csv,Did not land.
2021-02-07,VJ159.csv,Multiple flights detected.
2021-02-07,VJ215.csv,Multiple flights detected.
2021-02-07,VJ251.csv,Multiple flights detected.
2021-02-07,VJ305.csv,Multiple flights detected.
2021-02-07,VJ313.csv,Multiple flights detected.
2021-02-07,VJ317.csv,Multiple flights detected.
2021-02-07,VJ341.csv,Multiple flights detected.
2021-02-07,VJ625.csv,Multiple flights detected.
2021-02-07,VJ639.csv,Multiple flights detected.
2021-02-07,VN1379.csv,Multiple flights detected.
2021-02-07,VN253.csv,Multiple flights detected.
2021-02-07,VN7375.csv,Multiple flights detected.
2021-02-08,CZ8175.csv,Multiple flights detected.
2021-02-08,MU7053.csv,Multiple flights detected.
2021-02-08,VJ101.csv,Multiple flights detected.
2021-02-08,VJ223.csv,Multiple flights detected.
2021-02-08,VJ311.csv,Multiple flights detected.
2021-02-08,VJ315.csv,Multiple flights detected.
2021-02-08,VJ647.csv,Did not land at TSN.
2021-02-09,NH833.csv,Did not land.
2021-02-09,VN6445.csv,Multiple flights detected.
2021-02-09,VNA299.csv,Multiple flights detected.
2021-02-10,5X146.csv,Did not land.
2021-02-10,CI783.csv,Did not land.
2021-02-10,CX799.csv,Did not land.
2021-02-10,QH1522.csv,Did not land.
2021-02-10,TR302.csv,Did not land.
2021-02-10,VJ189.csv,Did not land.
2021-02-10,VN1265.csv,Did not land.
2021-02-10,VN215.csv,Did not land.
2021-02-10,VN6431.csv,Multiple flights detected.
2021-02-10,VN6583.csv,Did not land.
2021-02-12,CV7324.csv,Did not land at TSN.
2021-02-12,CZ8175.csv,Did not land.
2021-02-12,EK392.csv,Did not land.
2021-02-12,QH1123.csv,Multiple flights detected.
2021-02-12,QH1173.csv,Did not land.
2021-02-12,VJ209.csv,Did not land.
2021-02-12,VJ245.csv,Did not land.
2021-02-12,VN6027.csv,Did not land.
2021-02-13,CZ8175.csv,Did not land.
2021-02-13,LD561.csv,Did not land.
2021-02-13,VN7836.csv,Did not land at TSN.
2021-02-14,CZ8175.csv,Did not land.
2021-02-14,FX5194.csv,Did not land at TSN.
2021-02-14,QH209.csv,Did not land.
2021-02-14,VJ175.csv,Did not land.
2021-02-14,VJ279.csv,Did not land.
2021-02-15,CZ8175.csv,Multiple flights detected.
2021-02-15,VJ341.csv,Multiple flights detected.
2021-02-16,CX799.csv,Did not land.
2021-02-16,LD561.csv,Did not land at TSN.
2021-02-16,QH203.csv,Did not land.
2021-02-16,TR302.csv,Did not land.
2021-02-16,VJ1155.csv,Multiple flights detected.
2021-02-16,VJ159.csv,Multiple flights detected.
2021-02-16,VJ189.csv,Did not land.
2021-02-16,VJ235.csv,Did not land.
2021-02-16,VJ293.csv,Did not land.
2021-02-16,VJ295.csv,Multiple flights detected.
2021-02-16,VJ317.csv,Multiple flights detected.
2021-02-16,VJ385.csv,Did not land.
2021-02-16,VJ637.csv,Did not land.
2021-02-16,VN1265.csv,Did not land.
2021-02-16,VN263.csv,Did not land.
2021-02-16,VN6433.csv,Did not land.
2021-02-16,VN6583.csv,Did not land.
2021-02-16,VN7253.csv,Did not land.
2021-02-16,VN7261.csv,Did not land.
2021-02-17,LD561.csv,Did not land.
2021-02-17,QH1563.csv,Did not land.
2021-02-17,VJ105.csv,Did not land.
2021-02-18,VJ101.csv,Multiple flights detected.
2021-02-18,VJ315.csv,Multiple flights detected.
2021-02-18,VJ317.csv,Multiple flights detected.
2021-02-18,VN6113.csv,Multiple flights detected.
2021-02-19,VN7989.csv,Did not land.
2021-02-20,QH1195.csv,Multiple flights detected.
2021-02-20,VJ159.csv,Multiple flights detected.
2021-02-20,VJ326.csv,Multiple flights detected.
2021-02-20,VN6113.csv,Multiple flights detected.
2021-02-21,5X146.csv,Did not land.
2021-02-21,CZ8175.csv,Did not land at TSN.
2021-02-21,FX5194.csv,Did not land at TSN.
2021-02-21,VJ215.csv,Multiple flights detected.
2021-02-21,VJ639.csv,Multiple flights detected.
2021-02-22,CA609.csv,Multiple flights detected.
2021-02-22,EY975.csv,Multiple flights detected.
2021-02-23,CZ8175.csv,Did not land at TSN.
2021-02-23,VN6579.csv,Multiple flights detected.
2021-02-25,CZ8035.csv,Did not land.
2021-02-25,CZ8175.csv,Did not land.
2021-02-25,VJ315.csv,Multiple flights detected.
2021-02-26,VU751.csv,Multiple flights detected.
2021-02-27,EY975.csv,Multiple flights detected.
2021-02-27,LD562.csv,Multiple flights detected.
2021-02-28,3S620.csv,Multiple flights detected.
2021-02-28,5X146.csv,Did not land.
2021-02-28,FX5194.csv,Did not land at TSN.
2021-02-28,VJ2432.csv,Multiple flights detected.
2021-03-01,CZ8175.csv,Multiple flights detected.
2021-03-01,MU7053.csv,Multiple flights detected.
2021-03-01,NH833.csv,Multiple flights detected.
2021-03-01,VN6435.csv,Multiple flights detected.
2021-03-02,VN207.csv,Multiple flights detected.
2021-03-03,VN6237.csv,Multiple flights detected.
2021-03-04,CZ8175.csv,Did not land at TSN.
2021-03-04,RH328.csv,Did not land at TSN.
2021-03-04,VJ313.csv,Multiple flights detected.
2021-03-05,CZ8175.csv,Did not land at TSN.
2021-03-05,MU7053.csv,Multiple flights detected.
2021-03-05,NH833.csv,Multiple flights detected.
2021-03-05,VJ241.csv,Did not land.
2021-03-06,CZ8175.csv,Did not land at TSN.
2021-03-06,VJ181.csv,Multiple flights detected.
2021-03-07,5X146.csv,Did not land.
2021-03-07,FX5194.csv,Did not land.
2021-03-07,QH1157.csv,Multiple flights detected.
2021-03-07,QV1.csv,Did not land at TSN.
2021-03-07,TK6470.csv,Did not land.
2021-03-08,MU7053.csv,Multiple flights detected.
2021-03-08,NH833.csv,Multiple flights detected.
2021-03-08,QH1175.csv,Did not land.
2021-03-08,QH207.csv,Did not land.
2021-03-08,VJ161.csv,Did not land.
2021-03-08,VN211.csv,Did not land.
2021-03-09,CZ8175.csv,Did not land at TSN.
2021-03-09,VJ175.csv,Did not land.
2021-03-09,VN405.csv,Did not land.
2021-03-09,VU751.csv,Did not land.
2021-03-10,CZ8175.csv,Did not land at TSN.
2021-03-10,VJ241.csv,Did not land.
2021-03-10,VJ322.csv,Did not land.
2021-03-10,VN6431.csv,Did not land.
2021-03-10,VU673.csv,Did not land.
2021-03-11,CZ8175.csv,Did not land at TSN.
2021-03-11,MU7053.csv,Multiple flights detected.
2021-03-11,NH833.csv,Multiple flights detected.
2021-03-11,VJ181.csv,Multiple flights detected.
2021-03-12,KE683.csv,Multiple flights detected.
2021-03-12,QH1155.csv,Did not land.
2021-03-12,QH1173.csv,Did not land.
2021-03-12,QH207.csv,Did not land.
2021-03-12,QH215.csv,Did not land.
2021-03-12,VJ167.csv,Did not land.
2021-03-12,VJ221.csv,Did not land.
2021-03-12,VJ243.csv,Did not land.
2021-03-12,VJ245.csv,Did not land.
2021-03-12,VJ249.csv,Did not land.
2021-03-12,VJ2849.csv,Did not land at TSN.
2021-03-12,VJ8519.csv,Did not land at TSN.
2021-03-12,VN127.csv,Did not land.
2021-03-12,VN1375.csv,Did not land.
2021-03-12,VN211.csv,Did not land.
2021-03-12,VN213.csv,Did not land.
2021-03-12,VN275.csv,Did not land.
2021-03-12,VN6015.csv,Did not land.
2021-03-12,VN7249.csv,Did not land.
2021-03-12,VZ3974.csv,Did not land.
2021-03-12,ZH8011.csv,Did not land.
2021-03-13,VJ181.csv,Multiple flights detected.
2021-03-14,5X146.csv,Did not land.
2021-03-14,AF258.csv,Did not land.
2021-03-14,CZ8175.csv,Did not land at TSN.
2021-03-14,FX5194.csv,Did not land at TSN.
2021-03-14,VN8072.csv,Multiple flights detected.
2021-03-15,CA609.csv,Multiple flights detected.
2021-03-15,VJ181.csv,Multiple flights detected.
2021-03-15,VJ2432.csv,Multiple flights detected.
2021-03-15,VN1261.csv,Did not land.
2021-03-16,NH833.csv,Multiple flights detected.
2021-03-18,VN595.csv,Did not land.
2021-03-19,CZ8175.csv,Multiple flights detected.
2021-03-19,MU7053.csv,Multiple flights detected.
2021-03-19,NH833.csv,Multiple flights detected.
2021-03-21,5X146.csv,Did not land.
2021-03-21,CA609.csv,Multiple flights detected.
2021-03-21,FX5194.csv,Did not land at TSN.
2021-03-21,QH1321.csv,Did not land.
2021-03-21,VJ181.csv,Multiple flights detected.
2021-03-21,VJ605.csv,Did not land.
2021-03-21,VJ641.csv,Multiple flights detected.
2021-03-22,MU7053.csv,Multiple flights detected.
2021-03-22,VJ167.csv,Multiple flights detected.
2021-03-22,VN7213.csv,Multiple flights detected.
2021-03-23,NH833.csv,Multiple flights detected.
2021-03-23,VJ377.csv,Did not land.
2021-03-24,CZ8175.csv,Multiple flights detected.
2021-03-24,RH319.csv,Did not land at TSN.
2021-03-24,VJ181.csv,Multiple flights detected.
2021-03-24,VJ641.csv,Multiple flights detected.
2021-03-24,VN600.csv,Multiple flights detected.
2021-03-25,VJ326.csv,Multiple flights detected.
2021-03-25,VN5571.csv,Did not land.
2021-03-26,MU7053.csv,Multiple flights detected.
2021-03-26,NH833.csv,Multiple flights detected.
2021-03-26,QH215.csv,Multiple flights detected.
2021-03-26,VJ181.csv,Multiple flights detected.
2021-03-26,VJ641.csv,Multiple flights detected.
2021-03-26,VN253.csv,Multiple flights detected.
2021-03-26,VN301.csv,Did not land.
2021-03-27,CZ8175.csv,Multiple flights detected.
2021-03-28,5X146.csv,Did not land.
2021-03-28,FX5194.csv,Did not land at TSN.
2021-03-28,QH1042.csv,Multiple flights detected.
2021-03-28,VJ179.csv,Multiple flights detected.
2021-03-29,VJ135.csv,Did not land.
2021-03-29,VJ317.csv,Multiple flights detected.
2021-03-29,VN5563.csv,Did not land.
2021-03-29,VN6023.csv,Multiple flights detected.
2021-03-29,VN6433.csv,Multiple flights detected.
2021-03-30,QH243.csv,Multiple flights detected.
2021-03-30,QH281.csv,Multiple flights detected.
2021-03-30,VJ149.csv,Multiple flights detected.
2021-03-30,VN6019.csv,Multiple flights detected.
2021-03-31,NH833.csv,Multiple flights detected.
2021-03-31,VJ223.csv,Multiple flights detected.
2021-03-31,VJ317.csv,Multiple flights detected.
2021-04-01,BR395.csv,Did not land.
2021-04-01,CI781.csv,Did not land.
2021-04-01,KE681.csv,Multiple flights detected.
2021-04-01,VJ129.csv,Did not land.
2021-04-02,NH833.csv,Multiple flights detected.
2021-04-02,VJ151.csv,Did not land at TSN.
2021-04-02,VJ179.csv,Did not land at TSN.
2021-04-02,VJ215.csv,Did not land at TSN.
2021-04-02,VN6023.csv,Did not land at TSN.
2021-04-02,VN6057.csv,Did not land at TSN.
2021-04-02,VN6221.csv,Did not land at TSN.
2021-04-03,EY975.csv,Multiple flights detected.
2021-04-03,FX5194.csv,Did not land at TSN.
2021-04-03,VJ151.csv,Multiple flights detected.
2021-04-03,VJ179.csv,Multiple flights detected.
2021-04-03,VJ215.csv,Multiple flights detected.
2021-04-03,VJ223.csv,Multiple flights detected.
2021-04-03,VJ635.csv,Multiple flights detected.
2021-04-03,VN253.csv,Multiple flights detected.
2021-04-03,ZH8011.csv,Multiple flights detected.
2021-04-04,5X146.csv,Did not land.
2021-04-04,VJ695.csv,Multiple flights detected.
2021-04-04,VN10.csv,Did not land.
2021-04-05,QH245.csv,Multiple flights detected.
2021-04-05,VJ135.csv,Did not land.
2021-04-05,VJ151.csv,Multiple flights detected.
2021-04-05,VJ179.csv,Multiple flights detected.
2021-04-05,VJ317.csv,Multiple flights detected.
2021-04-05,VJ641.csv,Multiple flights detected.
2021-04-05,VN253.csv,Multiple flights detected.
2021-04-05,VN289.csv,Multiple flights detected.
2021-04-05,VN6017.csv,Multiple flights detected.
2021-04-05,VN6055.csv,Multiple flights detected.
2021-04-05,VN7211.csv,Multiple flights detected.
2021-04-06,VN1830.csv,Multiple flights detected.
2021-04-07,NH833.csv,Multiple flights detected.
2021-04-07,VN289.csv,Multiple flights detected.
2021-04-07,ZH8011.csv,Multiple flights detected.
2021-04-09,LD561.csv,Did not land at TSN.
2021-04-09,VN1882.csv,Multiple flights detected.
2021-04-10,FX5194.csv,Did not land at TSN.
2021-04-10,NH833.csv,Multiple flights detected.
2021-04-10,QR970.csv,Multiple flights detected.
2021-04-10,VJ367.csv,Did not land.
2021-04-11,5X146.csv,Did not land.
2021-04-12,QH9451.csv,Did not land at TSN.
2021-04-12,VJ149.csv,Multiple flights detected.
2021-04-12,VJ159.csv,Multiple flights detected.
2021-04-12,VJ287.csv,Multiple flights detected.
2021-04-12,VN289.csv,Multiple flights detected.
2021-04-13,QH1155.csv,Did not land.
2021-04-13,QH245.csv,Did not land.
2021-04-13,TW1121.csv,Did not land.
2021-04-13,VJ223.csv,Multiple flights detected.
2021-04-13,VJ643.csv,Did not land.
2021-04-13,VN5064.csv,Multiple flights detected.
2021-04-13,VU787.csv,Did not land.
2021-04-14,CX799.csv,Did not land.
2021-04-14,QH1547.csv,Did not land.
2021-04-14,VJ167.csv,Did not land.
2021-04-14,VJ221.csv,Did not land.
2021-04-14,VJ271.csv,Did not land.
2021-04-14,VJ391.csv,Did not land.
2021-04-14,VN1265.csv,Did not land.
2021-04-14,VN131.csv,Did not land.
2021-04-14,VN215.csv,Did not land.
2021-04-14,VN6241.csv,Did not land.
2021-04-16,LD561.csv,Did not land at TSN.
2021-04-16,NH833.csv,Multiple flights detected.
2021-04-16,VN1882.csv,Multiple flights detected.
2021-04-16,VN6023.csv,Multiple flights detected.
2021-04-17,FX5194.csv,Did not land at TSN.
2021-04-17,VJ179.csv,Multiple flights detected.
2021-04-17,VJ623.csv,Multiple flights detected.
2021-04-17,VN7285.csv,Multiple flights detected.
2021-04-17,VN8066.csv,Multiple flights detected.
2021-04-17,ZH8011.csv,Multiple flights detected.
2021-04-18,5X146.csv,Did not land.
2021-04-18,VJ145.csv,Multiple flights detected.
2021-04-18,VJ159.csv,Did not land at TSN.
2021-04-18,VJ643.csv,Multiple flights detected.
2021-04-19,EY975.csv,Multiple flights detected.
2021-04-19,NH833.csv,Multiple flights detected.
2021-04-19,VJ149.csv,Multiple flights detected.
2021-04-19,VJ159.csv,Multiple flights detected.
2021-04-19,VJ215.csv,Multiple flights detected.
2021-04-19,VJ247.csv,Multiple flights detected.
2021-04-19,VN6021.csv,Multiple flights detected.
2021-04-20,VJ2723.csv,Did not land.
2021-04-20,VJ287.csv,Multiple flights detected.
2021-04-20,VJ7837.csv,Did not land.
2021-04-21,VJ151.csv,Multiple flights detected.
2021-04-21,VJ223.csv,Multiple flights detected.
2021-04-21,ZH8011.csv,Multiple flights detected.
2021-04-22,MH766.csv,Did not land.
2021-04-22,QH241.csv,Did not land.
2021-04-22,VJ332.csv,Did not land.
2021-04-22,VN131.csv,Did not land.
2021-04-22,VN1828.csv,Did not land.
2021-04-22,VN6516.csv,Did not land.
2021-04-23,LD561.csv,Did not land at TSN.
2021-04-23,VJ261.csv,Did not land.
2021-04-23,VJ309.csv,Multiple flights detected.
2021-04-24,QH191.csv,Multiple flights detected.
2021-04-24,VJ135.csv,Did not land.
2021-04-24,VJ2723.csv,Did not land.
2021-04-24,VJ641.csv,Multiple flights detected.
2021-04-24,VJ7837.csv,Did not land.
2021-04-24,VN1.csv,Did not land at TSN.
2021-04-25,5X146.csv,Did not land.
2021-04-25,FX5194.csv,Did not land at TSN.
2021-04-25,NH833.csv,Multiple flights detected.
2021-04-25,QH9453.csv,Did not land at TSN.
2021-04-25,VJ151.csv,Multiple flights detected.
2021-04-25,VN289.csv,Multiple flights detected.
2021-04-25,VN6023.csv,Multiple flights detected.
2021-04-26,KE681.csv,Did not land.
2021-04-26,QH1315.csv,Multiple flights detected.
2021-04-26,VJ147.csv,Did not land at TSN.
2021-04-26,VJ159.csv,Multiple flights detected.
2021-04-26,VJ179.csv,Multiple flights detected.
2021-04-26,VJ2432.csv,Multiple flights detected.
2021-04-26,VJ247.csv,Multiple flights detected.
2021-04-26,VJ641.csv,Multiple flights detected.
2021-04-27,BR395.csv,Did not land.
2021-04-27,CI781.csv,Did not land.
2021-04-27,QH207.csv,Did not land.
2021-04-27,VJ127.csv,Did not land.
2021-04-27,VJ147.csv,Did not land.
2021-04-27,VJ346.csv,Did not land.
2021-04-27,VN207.csv,Did not land.
2021-04-27,VN7189.csv,Did not land.
